Open,High,Low,Close,Volume,Dividends,Stock Splits
4440.9501953125,4448.47021484375,4407.43994140625,4409.58984375,6848600000,0.0,0.0
