Open,High,Low,Close,Volume,Dividends,Stock Splits
4344.8798828125,4381.81982421875,4335.31005859375,4369.7099609375,3940400000,0.0,0.0
