Open,High,Low,Close,Volume,Dividends,Stock Splits
337.4800109863281,349.8399963378906,337.20001220703125,348.1000061035156,38899100,0.0,0.0
351.32000732421875,351.4700012207031,341.95001220703125,342.3299865722656,46533600,0.0,0.0
339.30999755859375,342.0799865722656,335.8599853515625,338.04998779296875,26375400,0.0,0.0
336.3699951171875,337.7300109863281,332.07000732421875,333.55999755859375,25117800,0.0,0.0
334.1199951171875,340.1199951171875,333.3399963378906,339.7099914550781,23530300,0.0,0.0
